Item,Team,Cycle,Status,Health,Progress,OKRs,Appetite (weeks),ETA,Release
Collaborative Brainstorm Board,StriveForce Squad,Q4 2023,Ready for Release,Off Track,1,Enhance User Engagement for InnoHub Connect:,6,10/30/2023 → 11/24/2023,v.1.0
Sub-item 1,,,Done,,,,,,
Sub-item 2,,,Done,,,,,,
Integration Wizard for Third-Party Apps,StriveForce Squad,Q1 2024,Ready for Development,On Track,0,Enhance User Engagement for InnoHub Connect:,2,02/14/2024 → 04/03/2024,v.2.0
Sub-item 1,,,Backlog,,,,,,
Sub-item 2,,,Backlog,,,,,,
Real-time Idea Voting System,PinnacleCreators Team,Q2 2024,Opportunity Backlog,On Track,0,Enhance User Engagement for InnoHub Connect:,4,12/04/2023 → 01/01/2024,
Sub-item 2,,,Backlog,,,,,,
Sub-item 1,,,Backlog,,,,,,
SprintMaster Planning Module,PinnacleCreators Team,Q1 2024,Development In Progress,At Risk,0.5,Optimize Agile Delivery for AgileCraft Pro:,4,01/24/2024 → 02/22/2024,v.1.2
Sub-item 1,,,Done,,,,,,
Sub-item 2,,,Backlog,,,,,,
Automated User Story Dependency Tracker,StriveForce Squad,Q1 2024,Development In Progress,On Track,0.5,Optimize Agile Delivery for AgileCraft Pro:,4,01/17/2024 → 02/13/2024,v.1.2
Sub-item 1,,,Development In Progress,,,,,,
Sub-item 2,,,Done,,,,,,
Visual Performance Analytics Dashboard,PinnacleCreators Team,Q4 2023,Done,On Track,1,Optimize Agile Delivery for AgileCraft Pro:,6,11/30/2023 → 01/11/2024,
Sub-item 2,,,Done,,,,,,
Sub-item 1,,,Done,,,,,,
SocialMedia360 Insights,TechVanguard Alliance,Q1 2024,Discovery In Progress,At Risk,0,Boost MarketMagnet Xperience Reach and Impact,2,02/09/2024 → 03/20/2024,v.2.0
Sub-item 1,,,Backlog,,,,,,
Sub-item 2,,,Backlog,,,,,,
Influencer Engagement Scoreboard,TechVanguard Alliance,Q4 2024,Done,On Track,1,Boost MarketMagnet Xperience Reach and Impact,4,10/29/2023 → 11/26/2023,v.1.0
Sub-item 1,,,Done,,,,,,
Sub-item 2,,,Done,,,,,,
AI-Powered Trend Predictions,TechVanguard Alliance,Q2 2024,Opportunity Backlog,On Track,0,Boost MarketMagnet Xperience Reach and Impact,6,01/01/2024 → 02/12/2024,
Sub-item 2,,,Backlog,,,,,,
Sub-item 1,,,Backlog,,,,,,